Image	calcifications?	GRAIL min	GRAIL max	GCS min	GCS max	complete range min	complete range max	MI complete range	MI GCS	MI GRAIL		Observer 1 min	Observer 1 max		Observer 2 min	Observer 2 max		Observer 3 min	Observer 3 max		Observer 4 min	Observer 4 max		Observer 5 min	Observer 5 max		Observer 6 min	Observer 6 max		Observer 7 min	Observer 7 max		Observer 8 min	Observer 8 max		Observer 9 min	Observer 9 max		Observer 10 min	Observer 10 max
breastdx03_1.tif	0	0	3187	143	3667	20	3524	0.19	0.18	0.22		44	3092		89	3043		163	3020		48	3100		143	3010		439	3192		546	3020		65	3045		139	3091		191	3002
breastdx03_10.tif	1	0	2926	40	4093	0	4053	0.22	0.21	0.32		0	2706		0	2904		0	2911		40	2833		115	2961		167	2608		277	3038		22	2760		3	2454		363	2765
breastdx03_2.tif	0	0	3376	0	3736	0	3736	0.16	0.16	0.16		138	3350		83	3454		214	3536		269	3646		289	3454		282	3378		489	3836		170	3135		135	3134		144	3270
breastdx03_3.tif	1	0	2869	35	4093	1	4058	0.2	0.19	0.31		0	2796		0	2966		0	3116		35	2661		110	3051		50	3125		447	2983		0	2652		0	2573		0	2890
breastdx03_4.tif	0	294	3636	133	3636	0	3503	0.29	0.28	0.29		140	3283		133	3363		133	3210		73	3603		213	3389		266	3236		399	3736		219	3001		157	2997		302	3184
breastdx03_5.tif	1	0	3580	150	4093	0	3943	0.22	0.21	0.25		157	3141		150	3248		150	3263		150	3371		328	3144		120	3245		535	3727		147	3004		316	2749		204	3120
breastdx03_6.tif	1	0	3157	85	4093	0	4008	0.23	0.22	0.3		0	3403		85	2961		85	3246		0	3403		152	3141		137	3478		152	3756		53	3214		37	2992		8	3263
breastdx03_7.tif	1	105	4081	160	4093	0	3933	0.25	0.24	0.25		145	3581		105	3689		105	3682		160	3891		241	3272		212	3610		507	3899		236	3219		297	3221		115	3562
breastdx03_8.tif	0	0	3466	140	4093	1	3953	0.27	0.26	0.33		40	3231		40	3302		140	3670		40	3395		237	3083		40	3558		244	3712		100	3269		221	2919		130	3555
breastdx03_9.tif	0	0	3098	126	3590	0	3464	0.21	0.2	0.22		24	3103		126	3313		126	3333		152	3096		324	3122		126	3030		680	3267		69	3020		81	3171		247	3388
breastdx20_1.tif	1	0	3778	0	4093	0	4093	0.11	0.11	0.12		7	3778		0	3463		0	3471		105	3598		217	3246		345	3422		1102	4192		39	3395		137	3357		375	3317
breastdx26_1.tif	0	0	3681	31	3804	0	3773	0.31	0.3	0.31		0	3283		0	3534		0	3681		31	3654		101	3496		268	3466		241	3633		21	3357		0	3622		346	3491
breastdx26_2.tif	0	0	3522	52	3738	0	3686	0.3	0.28	0.3		0	3538		52	3483		52	3497		45	3779		128	3442		169	3249		0	3786		24	3490		14	3262		286	3459
breastdx26_4.tif	1	0	3709	61	4093	1	4032	0.22	0.2	0.24		151	3078		0	3492		0	3327		61	3431		143	3119		151	3363		458	3501		176	2824		126	3145		17	3061
breastdx28_1.tif	0	0	3692	86	4046	0	3960	0.27	0.26	0.28		34	3379		86	3438		86	2919		49	3297		175	3423		101	3757		316	2978		21	3259		177	3301		3	2911
breastdx50_1.tif	0	93	3692	263	3692	0	3429	0.17	0.16	0.17		256	3463		263	3294		407	3326		270	3359		479	3209		557	3287		648	3340		349	3165		288	3099		173	3335
breastdx50_2.tif	0	0	2634	0	3420	0	3420	0.32	0.32	0.39		121	2468		0	2715		146	2969		25	2220		241	2309		152	2506		144	2811		94	2070		153	2487		185	2452
breastdx50_3.tif	0	0	3334	164	3811	1	3647	0.17	0.16	0.21		164	3012		164	3521		164	3383		157	3109		261	3182		254	2922		420	3406		186	2773		339	3092		139	3106
breastdx50_4.tif	0	0	3624	144	3744	0	3600	0.19	0.19	0.2		124	3259		144	3485		144	3321		144	3239		246	3055		308	3280		328	3696		223	3107		318	3547		318	3365
breastdx53_1.tif	1	0	3713	83	4037	0	3954	0.28	0.26	0.29		142	3393		0	3365		0	3535		46	3378		231	3529		268	3445		0	3926		210	3357		67	2965		10	3088
breastdx53_2.tif	1	0	3709	49	4084	0	4035	0.39	0.38	0.41		0	3179		49	3411		49	3126		4	3358		82	3388		221	3575		0	3115		1	2826		66	2949		214	3180
breastdx53_3.tif	1	0	3670	75	4057	0	3982	0.29	0.27	0.31		75	3300		0	3239		0	3321		97	3396		149	3165		187	3352		335	3099		142	3282		0	3204		0	3290
breastdx53_4.tif	0	0	3786	7	4086	1	4079	0.21	0.21	0.22		82	3824		7	3809		7	3660		0	3944		44	3824		0	3920		433	4184		64	3887		14	3831		0	3897
breastdx53_5.tif	1	0	3410	57	4013	0	3956	0.23	0.22	0.26		0	3051		0	3278		0	3410		57	3353		101	3505		0	2853		94	3942		22	3040		0	2860		390	3376
breastdx53_6.tif	0	0	3387	0	4026	0	4026	0.23	0.23	0.25		66	3591		0	3694		81	3495		89	3797		155	3628		170	3532		273	3842		165	3354		129	3735		5	3348
breastdx53_7.tif	0	0	3390	0	4044	0	4044	0.21	0.21	0.24		44	3460		0	3531		0	3546		67	3549		148	3607		193	3112		363	3987		100	3107		191	3250		243	3328
breastdx64_1.tif	1	0	3136	117	4093	0	3976	0.15	0.14	0.25		565	2689		117	3473		192	3346		192	2801		289	3167		348	3035		543	3070		662	2426		180	2998		266	3025
breastdx70_1.tif	1	0	3286	38	4093	0	4055	0.24	0.23	0.3		38	3153		0	3129		0	3151		8	3228		60	3111		105	3191		143	3097		45	3042		0	2672		0	2707
breastdx70_3.tif	1	0	3349	42	4093	1	4051	0.29	0.27	0.34		0	2811		42	2849		64	2736		42	2901		117	2766		139	2759		282	3001		0	2415		176	2907		94	2316
breastdx70_4.tif	1	0	3388	93	4093	0	4000	0.24	0.22	0.25		33	3303		60	3081		0	3126		93	3543		160	3508		130	3131		408	3356		30	2994		171	2932		351	2868
breastdx70_5.tif	1	0	3172	0	4093	0	4093	0.3	0.3	0.35		15	2969		0	2939		0	2984		22	3044		75	3044		112	3381		60	3025		15	2737		0	2670		257	2666
case10_1.tif	1	0	3412	80	4093	0	4013	0.12	0.12	0.16		365	3405		0	3704		0	3742		80	3398		320	3922		207	3323		597	3968		430	3397		43	3333		261	3677
case10_3.tif	1	0	3139	0	4093	0	4093	0.16	0.16	0.19		90	3046		0	3394		0	3386		0	3121		157	3433		59	2999		389	3428		83	3095		0	3494		338	2951
case10_4.tif	0	0	3252	0	3729	1	3729	0.24	0.24	0.26		48	3200		0	3537		34	3358		69	3172		96	3406		97	2911		405	3293		135	3258		147	3286		332	3183
case10_5.tif	0	0	3538	0	3631	0	3631	0.2	0.2	0.21		121	3024		0	3229		0	3202		94	3286		302	3316		114	3279		144	3828		159	2956		38	3254		172	3009
case11_1.tif	1	0	3238	0	4093	0	4093	0.14	0.14	0.17		0	3141		0	3299		0	3381		22	3239		150	3171		57	3377		275	3632		0	2748		0	3461		183	2868
case11_2.tif	1	0	3121	19	4093	0	4074	0.13	0.13	0.2		34	3036		0	3293		0	3436		109	3320		214	3216		176	3178		165	3681		22	2809		116	3254		229	3428
case11_3.tif	0	0	3548	0	3710	0	3710	0.19	0.19	0.2		14	3279		0	3190		75	3382		62	3580		157	3040		295	3233		559	3770		0	3066		33	2908		18	3105
case11_4.tif	1	0	3268	0	4093	1	4093	0.16	0.16	0.2		127	3273		0	3493		0	3493		112	3243		262	3456		285	3243		192	3662		127	2879		0	3165		38	3005
case12_2.tif	1	0	3256	89	4093	0	4004	0.23	0.21	0.28		0	2819		89	3613		89	3021		126	3089		134	3021		261	3281		382	3003		13	2546		239	3194		273	2755
case12_3.tif	1	0	3430	107	4093	0	3986	0.22	0.2	0.24		107	3390		107	3824		107	3592		107	3480		122	3420		10	3226		96	3321		207	3396		119	3449		371	3188
case12_4.tif	0	0	3124	113	3781	2	3668	0.22	0.2	0.25		71	3024		113	3295		113	3434		92	3392		162	3219		259	3010		189	3379		167	2921		277	3085		101	2777
case12_5.tif	0	0	3388	80	3442	0	3362	0.27	0.26	0.27		42	2999		0	3177		0	3075		67	3146		112	2982		80	3312		252	3843		60	3074		6	3106		306	3043
case13_2.tif	0	0	3300	18	3669	0	3651	0.22	0.22	0.25		45	3114		65	2951		194	3141		140	3324		147	3032		86	3087		0	3540		80	2825		120	3008		116	2659
case13_6.tif	1	0	2741	139	3935	0	3796	0.09	0.09	0.21		168	2374		139	2882		189	2582		189	2567		218	2517		160	3082		113	2378		251	2100		300	2824		21	2728
case14_1.tif	1	0	3040	0	4093	0	4093	0.2	0.2	0.25		67	3130		0	3265		0	3520		142	3183		150	3801		105	3591		89	3470		163	2818		34	2786		204	2882
case14_2.tif	1	0	3072	0	4086	0	4086	0.14	0.14	0.18		172	3218		0	3443		292	3083		120	2949		157	3256		52	3261		0	3591		153	3094		0	3224		377	2984
case14_3.tif	1	0	3274	109	4093	4	3984	0.15	0.14	0.19		289	2946		109	3644		109	3300		109	3215		244	3203		188	3364		247	3665		304	2810		228	3378		242	3020
case14_4.tif	1	0	2883	0	4068	0	4068	0.12	0.12	0.17		261	2808		209	3591		321	3621		216	3002		224	2995		335	2958		461	3468		329	2878		348	3519		396	3092
case14_5.tif	1	0	3361	58	4093	0	4035	0.24	0.23	0.27		80	3310		0	3541		0	3571		28	3670		88	3733		118	3436		417	2929		108	2965		0	3239		379	3528
case14_6.tif	1	0	3076	15	4093	0	4078	0.18	0.17	0.23		45	2999		30	3403		150	3299		67	3328		90	3029		296	3013		0	3492		94	2776		0	3027		246	2785
case14_7.tif	1	0	2828	91	4007	0	3916	0.16	0.14	0.22		106	2781		0	2960		132	3129		106	2891		238	2912		245	3172		424	3643		153	2386		152	2600		4	2761
case15_1.tif	0	0	2885	41	3992	3	3951	0.13	0.12	0.24		136	2718		100	2593		107	2630		195	2600		202	2578		139	2856		297	3463		126	2809		155	2679		63	2586
case15_2.tif	0	0	2906	104	3557	0	3453	0.15	0.14	0.23		347	2219		111	2808		360	3123		281	2495		301	2492		262	2794		234	3167		378	1869		280	2931		123	2569
case15_3.tif	1	0	2970	10	4038	0	4028	0.13	0.13	0.28		84	2395		40	3202		276	3209		158	2780		291	2743		283	2589		275	2662		56	2052		147	2882		348	2607
case15_4.tif	1	12	3189	247	3945	0	3698	0.13	0.12	0.21		289	2866		247	2924		331	3022		247	2859		436	2890		464	3582		328	2619		324	2946		398	2838		186	2917
case16_1.tif	0	0	3309	161	3819	0	3658	0.19	0.18	0.23		182	2997		161	3362		161	3223		161	3149		258	3064		236	2776		345	3728		271	3015		128	3041		308	3370
case16_2.tif	0	0	2976	0	3420	0	3420	0.16	0.16	0.18		25	2614		0	2887		95	2880		108	2804		165	2798		100	3234		437	3086		122	2630		19	2839		407	2952
case16_4.tif	0	0	2897	0	3911	0	3911	0.12	0.12	0.17		79	2611		0	3084		0	2897		0	2891		129	2862		194	2719		705	3045		129	2611		113	2902		205	2568
case16_6.tif	0	0	2890	133	3820	0	3687	0.13	0.12	0.21		161	2410		133	2878		252	2564		168	2640		168	2634		210	2634		319	3043		224	2360		291	2398		69	2489
case17_1.tif	1	0	3286	75	4093	0	4018	0.24	0.22	0.31		75	3134		75	3546		225	3343		75	3276		120	3231		221	2879		56	2774		99	2960		163	3302		140	2992
case17_2.tif	1	0	2893	14	4093	0	4079	0.17	0.16	0.25		14	2676		37	2990		75	2706		14	2900		96	2856		156	2684		221	3236		78	2448		167	2716		209	2728
case17_4.tif	1	0	2962	57	4093	0	4036	0.24	0.22	0.34		57	2746		0	2857		0	2715		57	3008		139	2699		105	2824		0	3074		153	2818		161	2755		296	2330
case17_5.tif	1	0	3505	0	4093	0	4093	0.24	0.24	0.28		127	3358		0	3501		217	3471		112	3643		180	3411		225	3478		495	3041		188	3203		0	3148		284	3623
case17_7.tif	0	0	3340	191	3568	0	3377	0.28	0.28	0.31		101	2904		191	3143		249	3059		202	3143		217	3085		133	2710		202	3009		135	2615		311	3072		154	3094
case17_8.tif	0	0	3018	145	3369	0	3224	0.22	0.21	0.25		269	2739		145	2918		386	3023		175	2918		306	2986		436	2633		359	2937		247	2397		291	2938		447	2640
case18_1.tif	0	0	3505	0	3640	0	3640	0.3	0.3	0.3		108	3210		47	3405		195	3371		49	3405		175	3364		337	2772		275	3161		127	3220		195	3425		420	2919
case18_2.tif	0	0	3394	104	3625	5	3521	0.41	0.39	0.42		104	2997		104	3304		104	3291		132	3304		91	3270		278	3110		216	3544		87	2935		65	3005		50	2976
case18_3.tif	0	0	3021	111	3996	0	3885	0.28	0.27	0.33		38	3163		111	3163		279	3316		119	3163		162	3141		225	2640		4	3354		86	3099		235	3110		363	2926
case18_4.tif	0	0	3394	84	3595	0	3511	0.47	0.45	0.48		84	2846		0	3314		47	3168		20	3329		157	3322		244	2930		57	3406		77	2823		33	3361		89	3036
case19_1.tif	0	0	2874	0	3762	0	3762	0.23	0.23	0.28		83	2685		0	2798		0	2874		30	2820		187	2820		353	2890		0	3081		179	2718		106	2576		115	2777
case19_2.tif	0	0	2912	0	3647	0	3647	0.24	0.24	0.27		0	3074		0	3276		162	3317		0	3270		216	3034		283	2967		360	3044		66	3068		0	3178		114	2831
case19_3.tif	1	0	3061	69	4093	0	4024	0.19	0.17	0.22		91	2911		120	3091		0	3061		153	3078		339	3381		445	2869		182	3691		140	2521		288	2725		337	2543
case19_5.tif	1	0	3214	82	4093	0	4011	0.24	0.23	0.29		82	3320		0	3454		30	3326		0	3459		134	3388		262	2916		407	3171		90	3382		0	3607		166	2949
case19_6.tif	0	0	3272	73	3830	3	3757	0.23	0.22	0.27		94	3147		45	3386		122	3076		75	3381		179	3006		210	2947		224	3693		112	3242		204	3139		313	2803
case2_2.tif	0	0	2603	0	3356	0	3356	0.17	0.17	0.2		128	2826		56	2948		6	3098		131	2913		175	2751		244	2750		491	3166		122	2874		179	2901		359	2820
case2_3.tif	0	0	2856	78	3672	0	3594	0.23	0.21	0.25		3	2892		78	3231		85	3123		78	3164		146	3103		268	3170		0	3015		10	2943		105	2986		0	2685
case2_4.tif	0	0	2885	7	3716	0	3709	0.2	0.2	0.25		131	3135		0	3218		48	3375		144	3181		151	3188		157	2914		84	3239		175	3032		169	3175		115	2904
case21_1.tif	0	0	3268	9	3997	0	3988	0.47	0.47	0.51		90	2950		0	3469		0	3696		0	3323		0	3131		60	3359		25	3402		69	2887		107	2989		271	3386
case21_2.tif	0	0	3252	7	3948	0	3941	0.34	0.34	0.37		7	3339		7	3477		7	3419		0	3264		7	3789		301	2943		54	3418		0	3287		118	3282		0	3254
case21_3.tif	0	0	3441	9	3795	2	3786	0.35	0.34	0.36		113	2900		0	3185		0	3268		0	3132		65	3022		149	3355		54	3284		148	2686		33	3231		0	3241
case21_4.tif	0	0	3475	17	3811	0	3794	0.34	0.34	0.35		17	3179		17	3523		17	3327		0	3248		17	3629		126	3061		32	3374		2	3248		0	3387		14	2958
case22_3.tif	0	0	3389	220	4049	0	3829	0.43	0.4	0.46		220	3061		220	3284		220	3342		550	3203		271	3472		516	3255		332	3242		244	2999		324	3010		47	3100
case3_1.tif	0	0	2698	16	3598	0	3582	0.22	0.21	0.29		89	2408		56	3226		182	3139		176	2926		129	2913		235	2827		144	2823		59	2477		164	2844		95	2907
case3_2.tif	0	0	2855	0	3620	0	3620	0.23	0.23	0.25		161	2793		0	3076		0	2855		201	2966		187	2958		363	2300		152	2806		225	2804		47	3198		216	3102
case3_3.tif	0	0	2694	33	3651	0	3618	0.22	0.2	0.27		100	2511		33	2747		73	2842		134	2585		121	3010		195	2518		109	2714		134	2189		162	2843		158	2531
case3_4.tif	0	0	2632	0	3367	0	3367	0.19	0.19	0.22		125	2578		0	2864		63	2864		100	2788		213	2516		260	2426		126	2716		206	2350		0	2963		183	2951
case4_1.tif	0	0	3047	147	3458	0	3311	0.26	0.25	0.28		166	2756		147	2800		242	3142		274	2711		236	2952		223	2775		214	2885		183	2685		101	2363		348	2416
case4_2.tif	0	0	3379	109	3847	0	3738	0.19	0.18	0.22		187	3126		109	3649		109	3515		201	3564		173	3254		87	3469		144	3360		165	3012		153	3609		21	3167
case4_3.tif	0	0	3148	0	3904	0	3904	0.22	0.22	0.27		151	3000		50	3115		230	3086		158	3022		143	3452		43	2778		129	3174		134	2693		13	2688		301	2666
case4_4.tif	0	0	3306	0	3669	6	3669	0.21	0.21	0.21		115	3235		41	3272		163	3401		34	3350		210	3175		395	3012		159	3307		118	3057		173	2805		136	2843
case5_2.tif	1	0	2380	0	4093	0	4093	0.16	0.16	0.29		150	2219		0	2714		60	2984		184	2201		142	2467		105	2594		106	2448		197	2148		47	2239		73	2424
case6_2.tif	0	0	3407	65	3797	0	3732	0.36	0.35	0.37		65	3182		65	3224		72	2951		0	3220		100	3266		220	2980		87	3058		96	3282		152	3307		298	2854
case6_3.tif	0	0	3418	39	3874	0	3835	0.26	0.26	0.28		39	3018		0	3333		0	3418		39	3112		39	3353		139	3532		42	3475		0	2662		31	2955		230	3140
case7_1.tif	1	0	3174	52	3984	0	3932	0.2	0.19	0.25		96	2893		0	3306		0	3145		52	3143		132	3392		227	2840		84	3051		0	2556		0	3301		16	2828
case7_2.tif	0	0	3424	0	3724	0	3724	0.24	0.24	0.24		82	3175		0	3326		103	3291		0	3276		62	3388		124	3298		61	3226		134	3275		0	2946		359	2843
case7_3.tif	0	0	3342	0	3753	0	3753	0.18	0.18	0.2		118	3315		0	3508		35	3556		242	3539		159	3435		360	2597		152	3311		124	3168		0	3679		0	3218
case7_5.tif	1	0	3024	66	3954	0	3888	0.15	0.15	0.22		66	2819		0	3184		29	3075		51	3221		124	3294		264	3304		89	3077		150	2473		109	3360		236	2718
case7_6.tif	1	0	2698	57	3934	0	3877	0.16	0.15	0.29		57	2569		57	2995		57	2872		29	2670		122	2908		239	2704		93	2834		59	2588		168	3002		135	2408
case8_1.tif	1	0	3211	23	4093	0	4070	0.21	0.19	0.24		53	3270		0	3436		15	3413		218	3411		90	3254		218	3006		99	3374		104	3312		0	3500		405	3543
case8_2.tif	1	0	3430	20	4093	0	4073	0.34	0.33	0.36		20	3074		20	3868		65	3471		45	3346		102	3388		195	3054		74	3440		0	2701		125	3244		200	3170
case8_3.tif	1	0	3139	27	4084	0	4057	0.34	0.32	0.41		49	2824		0	3034		30	2780		27	2939		124	3313		207	3022		72	3015		127	2535		0	2637		44	3062
case8_4.tif	0	0	3103	6	4093	0	4087	0.28	0.27	0.33		6	2789		43	3388		118	3006		75	3274		118	3044		210	3039		95	3072		17	2861		197	3072		345	2888
case9_3.tif	0	0	3422	0	3878	0	3878	0.25	0.25	0.26		50	3407		0	3465		207	3557		200	3500		242	3543		292	3279		165	3362		29	3030		0	3523		394	3055
case9_5.tif	0	0	2923	0	3736	0	3736	0.21	0.21	0.24		7	2823		41	3068		34	3068		234	3060		186	3219		218	3071		120	3244		0	2852		29	3216		110	2568
mesa011_4.tif	0	138	2980	0	2980	0	2980	0.25	0.25	0.26		279	2763		451	2756		188	2806		106	2824		481	2745		285	2756		298	2739		369	2750		608	2634		94	2560
mesa011_7.tif	0	0	2818	188	4093	0	3905	0.1	0.05	0.25		372	2051		269	2345		122	2543		137	2301		261	2374		328	2352		242	2363		446	1768		240	2343		279	1869
mesa012_2.tif	0	324	2463	0	2466	31	4932	0.17	0.17	0.18		330	2098		291	2208		324	2246		283	2211		335	2037		377	2169		384	2068		397	1700		330	2129		269	1777
mesa012_6.tif	0	183	3107	0	3116	0	3116	0.25	0.25	0.26		322	2807		684	2763		457	2909		309	2883		519	2720		501	2929		508	2897		421	2866		703	2499		181	2917
mesa012_7.tif	0	363	3063	6	3063	0	3057	0.23	0.23	0.26		299	2742		643	2793		396	2856		414	2736		609	2644		322	2816		538	2805		275	2684		717	2968		369	2727
mesa012_8.tif	0	407	2937	56	2952	0	2896	0.27	0.26	0.28		335	2702		352	2743		324	2798		345	2747		872	2802		355	2625		479	2639		305	2741		316	2920		349	2517
mesa013_1.tif	0	772	2926	343	2932	0	5178	0.37	0.33	0.38		419	2621		394	2606		435	2754		389	2774		486	2606		476	2805		479	2644		505	2352		367	2518		278	2553
mesa013_2.tif	0	0	2848	27	2974	0	2947	0.36	0.34	0.37		334	2619		458	2641		195	2697		312	2605		451	2589		329	2533		408	2547		311	2455		475	2336		75	2155
mesa013_6.tif	0	1711	2311	1999	2311	0	4056	0.19	0.14	0.2		2041	2282		2061	2288		2052	2268		2055	2277		2051	2278		2030	2294		2127	2340		2052	2232		2090	2184		1040	2339
mesa014_8.tif	0	300	3022	183	3028	8	2845	0.29	0.28	0.3		332	2740		371	2895		416	2818		344	2807		443	2591		449	2596		369	2731		317	2775		412	2732		222	2399
mesa015_1.tif	1	0	2885	106	3575	28	3469	0.4	0.39	0.47		106	2775		106	2795		106	2762		106	2696		113	2709		192	2947		115	2784		206	2606		207	2479		0	2844
mesa015_2.tif	0	0	2840	0	3071	0	3071	0.33	0.33	0.34		23	2651		40	2737		132	2714		69	2714		161	2622		236	2794		171	2693		102	2554		0	2395		194	2314
mesa015_3.tif	1	0	2708	0	3611	0	3611	0.27	0.27	0.35		0	2828		0	2875		0	3075		20	2863		200	2970		33	3264		107	2953		95	2489		0	2666		396	2470
mesa015_4.tif	0	0	2841	0	2961	0	2961	0.41	0.41	0.41		56	2516		61	2633		72	2572		117	2644		217	2572		317	2733		219	2571		83	2481		21	2563		280	2739
mesa015_5.tif	0	0	2920	0	3058	0	3058	0.47	0.47	0.48		0	2773		0	2909		17	2668		0	2434		86	2726		143	2634		17	2769		9	2432		191	2610		257	2900
mesa016_5.tif	0	0	2897	0	3071	0	3071	0.34	0.34	0.34		69	2708		52	2783		0	2990		17	2691		127	2737		253	2627		70	2788		125	2516		36	2817		117	2729
mesa016_6.tif	1	0	2648	0	3611	0	3611	0.23	0.23	0.31		0	2865		80	2955		33	2908		13	2932		194	3057		254	2776		130	2949		0	2708		137	3008		176	2663
mesa016_7.tif	0	0	2933	17	2987	17	2970	0.49	0.46	0.49		51	2662		146	2734		51	2706		28	2701		236	2633		292	2706		166	2693		124	2609		101	2488		0	2448
mesa071_1.tif	0	0	2555	47	3494	0	3447	0.22	0.21	0.29		47	2634		0	2710		19	2626		0	3000		66	2732		2	2925		60	2940		82	2653		0	2512		20	2474
mesa092_1.tif	0	669	2563	39	2836	0	2797	0.31	0.31	0.33		703	2713		376	2686		687	2713		831	2692		756	2520		39	2836		557	2644		795	2742		339	2576		593	2780
mesa131_1.tif	1	0	2340	0	4011	0	4011	0.13	0.13	0.32		0	2485		0	2421		110	2723		0	2764		169	2804		0	2738		98	2705		93	2492		0	2393		153	2208
mesa131_2.tif	0	0	2626	0	3670	0	3670	0.18	0.18	0.4		0	2478		0	3020		0	3128		0	2632		68	2830		20	2686		14	2845		33	2330		73	2723		230	2725
mesa131_3.tif	0	0	2531	0	3246	0	3246	0.24	0.24	0.35		0	2437		27	2523		24	2556		0	2750		85	2538		0	2417		53	2467		0	2475		150	2428		250	2650
mesa131_4.tif	0	0	2354	0	3670	5	3670	0.18	0.18	0.42		0	2722		20	3067		7	2837		0	2695		81	2878		85	2487		128	2754		1	2500		0	2898		3	2379
mesa131_5.tif	1	0	2402	0	4031	0	4031	0.12	0.12	0.29		0	2531		0	3071		0	2805		0	2931		140	2966		0	3144		87	2836		0	2194		0	2845		0	2773
mesa132_1.tif	1	0	2575	0	3989	11	3989	0.13	0.13	0.29		0	2518		0	2811		44	2672		0	2862		117	2584		0	2487		60	2742		1	2230		0	2463		268	2604
mesa132_2.tif	1	0	2650	0	3989	0	3989	0.14	0.14	0.32		0	2384		0	2504		37	2665		0	2697		154	2557		0	2789		74	2577		0	2367		106	2199		23	2625
mesa132_4.tif	0	0	2674	0	3670	0	3670	0.17	0.17	0.39		20	2494		0	2636		74	2542		54	2888		95	2864		19	2585		29	2703		98	2273		156	2562		0	2100
mesa132_5.tif	0	0	2705	0	3292	0	3292	0.26	0.26	0.35		0	2618		0	2697		6	2520		18	2667		74	2979		0	2532		113	2589		0	2284		40	2257		0	2370
mesa133_1.tif	0	0	2592	0	3689	0	3689	0.18	0.18	0.4		7	2689		0	2678		34	2773		7	2837		95	3138		0	2731		38	2864		16	2342		0	2377		202	2290
mesa133_2.tif	0	0	2406	0	3213	0	3213	0.32	0.32	0.43		0	2392		0	2632		0	2650		0	2482		96	2728		0	2332		75	2449		0	2048		163	2398		164	2425
mesa133_3.tif	1	0	2571	0	4011	0	4011	0.11	0.11	0.28		44	2477		0	2671		29	2399		0	2591		213	2686		74	2616		149	2628		59	2368		0	2415		176	2436
scenario1_10.tif	0	0	3106	201	3466	0	3265	0.38	0.36	0.4		126	2972		201	3197		100	2978		201	2935		251	3116		138	2997		265	3038		133	2819		182	2770		247	2905
scenario1_11.tif	0	0	3298	112	3322	12	3210	0.42	0.4	0.42		102	2864		112	3150		12	3088		112	3002		180	3082		186	2755		121	3063		0	2912		93	3069		35	2995
scenario1_12.tif	0	0	3179	0	3662	0	3662	0.43	0.43	0.45		41	3196		0	3179		20	3186		68	3446		101	3229		0	3331		101	3170		130	3105		68	3041		188	3384
scenario1_13.tif	0	0	2997	207	3222	0	3015	0.41	0.39	0.45		120	2407		207	2680		108	2640		230	2517		236	2605		178	2413		155	2499		141	2301		234	2688		271	2103
scenario2_7.tif	0	1233	3335	0	3605	0	3605	0.12	0.12	0.19		1446	3272		967	3368		1266	3188		1219	3504		1099	3392		993	3418		1236	3334		1423	2985		1165	3327		606	3230
scenario3_3.tif	1	0	3304	11	4060	0	4049	0.24	0.23	0.28		126	2866		71	3279		0	3122		37	3001		71	3272		69	3068		57	3076		118	2558		221	3212		330	2644
scenario3_4.tif	1	0	3712	22	4093	0	4071	0.23	0.23	0.25		52	3044		0	3577		22	3307		37	3373		97	3486		0	3396		31	3410		67	2732		108	3285		116	3280
scenario3_5.tif	1	0	3640	6	4093	0	4087	0.26	0.25	0.28		31	3122		6	3636		0	3336		0	3111		58	3553		16	2827		0	3187		75	3028		0	3440		292	3104
scenario3_6.tif	1	0	3196	0	4093	0	4093	0.28	0.28	0.34		0	2706		0	3196		30	3196		0	2489		0	3200		0	3111		0	3049		0	2595		0	3051		0	3112
scenario3_7.tif	0	0	3245	17	3809	0	3792	0.25	0.24	0.28		61	2729		17	2996		0	3024		0	2594		73	2982		21	2700		87	2962		126	2663		161	2582		350	2518
scenario5_1.tif	0	584	3401	311	3413	0	3102	0.33	0.31	0.33		598	3043		584	3198		560	3150		657	2881		831	3156		663	3084		721	3151		665	3030		690	2948		160	2788
scenario5_2.tif	0	210	3365	180	3425	34	3245	0.3	0.28	0.3		481	2962		286	3158		335	2890		435	3052		510	3238		410	2971		419	2972		524	2766		467	3343		495	2575
scenario5_4.tif	0	21	3404	286	3404	0	3118	0.31	0.29	0.31		568	3056		286	3056		334	3110		292	3038		622	3008		604	3104		494	3004		538	2900		317	2572		89	2822
tcga_1.tif	0	0	3211	187	3574	0	3387	0.31	0.3	0.32		200	2722		187	3303		187	3574		88	2735		232	3057		142	3103		156	3117		196	2665		166	3044		131	3035
tcga_3.tif	0	0	3184	0	3694	0	3694	0.2	0.2	0.21		34	3020		0	3184		157	3279		82	3360		150	3129		20	3210		126	3261		65	3117		16	3067		140	3203
tcga_4.tif	0	0	3530	186	3779	0	3593	0.27	0.26	0.29		193	3268		186	3343		152	3411		206	3247		295	3397		84	3404		192	3417		287	3289		175	3231		382	3503
tcga_5.tif	0	0	3305	0	3779	0	3779	0.27	0.27	0.29		132	3048		0	3242		84	3117		118	3138		251	3340		14	3194		100	3106		170	3122		52	2809		161	3191
tcga_7.tif	0	0	3590	73	3872	0	3799	0.27	0.26	0.28		66	3452		0	3590		57	3972		123	3516		158	3644		28	3522		168	3712		128	3519		34	3503		102	3661
tcga_8.tif	1	0	3493	23	4063	0	4040	0.29	0.27	0.32		100	3638		23	3743		75	3944		98	3522		120	3549		30	3787		171	3770		80	3517		104	3690		386	3728
tcga_9.tif	0	0	3308	78	3836	22	3758	0.17	0.17	0.2		78	3314		0	3548		0	3739		262	3660		198	3476		49	3350		191	3550		72	3210		163	3138		387	3294
